epoch,time,train/box_loss,train/cls_loss,train/dfl_loss,metrics/precision(B),metrics/recall(B),metrics/mAP50(B),metrics/mAP50-95(B),val/box_loss,val/cls_loss,val/dfl_loss,lr/pg0,lr/pg1,lr/pg2
1,5.95815,2.24473,4.59384,1.38734,0.00033,0.07692,0.00679,0.00333,1.79928,4.12402,1.43089,0.001,0.001,0.091
2,12.1114,1.89394,2.64738,1.44327,0,0,0,0,nan,nan,nan,0.00209949,0.00209949,0.0810995
3,16.818,1.81114,1.9304,1.42847,0,0,0,0,nan,nan,nan,0.00319687,0.00319687,0.0711969
4,21.5934,1.73373,1.80733,1.38039,0,0,0,0,nan,nan,nan,0.00429055,0.00429055,0.0612906
5,26.6524,1.65167,1.62006,1.3034,0,0,0,0,nan,nan,nan,0.00537892,0.00537892,0.0513789
6,31.2691,1.6144,1.60813,1.2948,0,0,0,0,nan,nan,nan,0.00646039,0.00646039,0.0414604
7,36.4614,1.55409,1.52204,1.30807,0,0,0,0,nan,nan,nan,0.00753336,0.00753336,0.0315334
8,41.1197,1.54113,1.43755,1.30564,0,0,0,0,nan,nan,nan,0.00859629,0.00859629,0.0215963
9,46.2002,1.48173,1.52973,1.27942,0.00023,0.06154,0.00013,4e-05,nan,nan,nan,0.0096476,0.0096476,0.0116476
10,51.3308,1.54272,1.49079,1.31831,0,0,0,0,nan,nan,nan,0.00980345,0.00980345,0.00980345
11,55.9173,1.48211,1.41165,1.23366,0,0,0,0,nan,nan,nan,0.00975773,0.00975773,0.00975773
12,61.7907,1.52756,1.43964,1.30822,0,0,0,0,nan,nan,nan,0.00970736,0.00970736,0.00970736
13,66.2836,1.45694,1.39721,1.2674,0,0,0,0,nan,nan,nan,0.00965239,0.00965239,0.00965239
14,70.8015,1.42281,1.36329,1.26498,0.00011,0.00769,7e-05,1e-05,4.42481,6.8287,10.131,0.00959289,0.00959289,0.00959289
15,75.8775,1.40159,1.30442,1.20007,0.1,0.00769,0.05114,0.01023,3.94136,6.98291,6.54726,0.00952889,0.00952889,0.00952889
16,80.6419,1.31242,1.3268,1.23348,0,0,0,0,3.78279,6.98388,6.59604,0.00946048,0.00946048,0.00946048
17,86.0389,1.44624,1.23189,1.24639,0.00321,0.41648,0.00412,0.00127,3.06823,6.45132,2.91056,0.00938772,0.00938772,0.00938772
18,91.059,1.33969,1.24187,1.22443,0.01275,0.45495,0.05296,0.00878,2.3533,5.52714,1.92806,0.00931067,0.00931067,0.00931067
19,95.6719,1.34041,1.18388,1.20945,0.00379,0.12454,0.00221,0.0012,2.3242,7.07842,2.02336,0.00922942,0.00922942,0.00922942
20,100.805,1.30798,1.17444,1.21076,0.50454,0.01538,0.00116,0.00055,1.87826,6.21315,1.50323,0.00914405,0.00914405,0.00914405
21,105.347,1.34812,1.21852,1.19877,0.0015,0.03846,0.00131,0.00069,1.79703,6.33202,1.48621,0.00905463,0.00905463,0.00905463
22,110.581,1.36791,1.15693,1.23997,0.00034,0.01538,0.00017,4e-05,1.90327,6.86177,1.88219,0.00896127,0.00896127,0.00896127
23,115.938,1.33858,1.21076,1.22501,0.38502,0.54888,0.43547,0.27337,1.4559,2.6032,1.47706,0.00886404,0.00886404,0.00886404
24,120.512,1.25182,1.14082,1.16701,0.22039,0.34286,0.25439,0.15438,1.44121,2.13614,1.27827,0.00876305,0.00876305,0.00876305
25,125.846,1.21867,1.14438,1.13975,0.29545,0.82308,0.4268,0.26873,1.41317,3.63851,1.25525,0.00865839,0.00865839,0.00865839
26,130.714,1.27411,1.08452,1.15668,0.26485,0.59634,0.36555,0.22993,1.44113,2.00171,1.27919,0.00855018,0.00855018,0.00855018
27,135.1,1.26402,1.11048,1.14285,0.10744,0.05458,0.03192,0.01786,1.9747,15.5175,1.79835,0.00843851,0.00843851,0.00843851
28,140.732,1.23898,1.04777,1.15037,0.61085,0.72088,0.6863,0.48419,1.12352,1.55016,1.05988,0.00832349,0.00832349,0.00832349
29,145.279,1.25252,1.05408,1.17154,0.51349,0.79487,0.64808,0.39878,1.35006,1.41482,1.24238,0.00820525,0.00820525,0.00820525
30,150.25,1.14427,1.02124,1.13055,0.60653,0.73031,0.6462,0.43429,1.23413,1.91971,1.13297,0.00808389,0.00808389,0.00808389
31,155.595,1.22072,1.05209,1.18856,0.65692,0.65018,0.6355,0.39631,1.31651,1.84095,1.14574,0.00795954,0.00795954,0.00795954
32,160.04,1.1785,1.01016,1.11551,0.76062,0.44754,0.61543,0.39148,1.35966,2.18187,1.13193,0.00783231,0.00783231,0.00783231
33,165.702,1.20769,1.04589,1.13345,0.72309,0.81191,0.79142,0.54651,1.14523,1.32815,1.05421,0.00770234,0.00770234,0.00770234
34,170.448,1.1457,0.9824,1.09909,0.80241,0.74176,0.82835,0.58822,1.09905,1.13511,1.04106,0.00756976,0.00756976,0.00756976
35,175.365,1.1931,0.96653,1.12167,0.61971,0.70256,0.7216,0.55471,1.07191,1.16382,1.0499,0.00743468,0.00743468,0.00743468
36,180.743,1.21368,0.97976,1.10556,0.47444,0.58235,0.61508,0.43029,1.14158,1.60533,1.07534,0.00729725,0.00729725,0.00729725
37,185.286,1.22184,1.02642,1.12816,0.40486,0.59459,0.49749,0.3364,1.38136,1.58491,1.27251,0.00715761,0.00715761,0.00715761
38,190.865,1.16077,0.9952,1.10255,0.38817,0.88095,0.60758,0.41001,1.19058,1.2026,1.08287,0.00701588,0.00701588,0.00701588
39,195.664,1.14681,0.95758,1.10281,0.60908,0.74103,0.67222,0.46977,1.10296,1.6474,1.04747,0.00687222,0.00687222,0.00687222
40,200.226,1.27347,0.97556,1.16446,0.72992,0.71795,0.7287,0.54726,1.06786,1.84451,1.03804,0.00672675,0.00672675,0.00672675
41,205.549,1.10413,0.95638,1.0887,0.62565,0.85018,0.81292,0.58583,1.03645,1.14395,1.00767,0.00657963,0.00657963,0.00657963
42,210.314,1.10392,0.97654,1.10895,0.71696,0.7696,0.80868,0.58846,1.12261,1.04778,1.03456,0.00643101,0.00643101,0.00643101
43,215.463,1.12212,0.93849,1.08196,0.64782,0.81868,0.79136,0.51402,1.29085,1.13554,1.07006,0.00628101,0.00628101,0.00628101
44,220.262,1.1533,0.88978,1.10086,0.69082,0.76018,0.73088,0.51793,1.11709,1.16795,1.02233,0.00612981,0.00612981,0.00612981
45,224.901,1.14053,0.92133,1.09654,0.63273,0.82015,0.76589,0.60504,0.94113,1.18338,0.97302,0.00597754,0.00597754,0.00597754
46,230.227,1.13883,0.88256,1.0874,0.68344,0.57745,0.69119,0.49963,1.14009,1.41413,1.0258,0.00582435,0.00582435,0.00582435
47,235.051,1.04109,0.84724,1.07064,0.642,0.69389,0.68561,0.49778,1.19789,1.38686,1.06678,0.0056704,0.0056704,0.0056704
48,240.009,1.08201,0.9119,1.0971,0.59783,0.80414,0.64418,0.48457,0.99609,1.30765,1.00454,0.00551584,0.00551584,0.00551584
49,245.22,1.07267,0.8626,1.07866,0.72268,0.77113,0.7401,0.56076,0.98553,1.05005,1.00113,0.00536081,0.00536081,0.00536081
50,249.88,1.06358,0.84399,1.06062,0.67565,0.89957,0.81667,0.59377,1.04715,1.03111,1.02144,0.00520548,0.00520548,0.00520548
51,255.127,1.08397,0.87393,1.05812,0.66195,0.84249,0.81846,0.59341,1.07208,1.04933,1.05294,0.00505,0.00505,0.00505
52,259.865,1.11009,0.84581,1.10267,0.67956,0.76111,0.80736,0.56578,1.18136,1.03507,1.07219,0.00489452,0.00489452,0.00489452
53,264.298,1.06255,0.89868,1.05581,0.77163,0.70927,0.8031,0.62902,0.91236,0.96133,0.9862,0.00473919,0.00473919,0.00473919
54,269.895,1.11896,0.87291,1.08541,0.68818,0.85018,0.79953,0.55023,1.19712,1.01482,1.05469,0.00458416,0.00458416,0.00458416
55,274.591,1.03717,0.8419,1.04651,0.69651,0.91853,0.79766,0.59687,0.99263,0.97765,0.98751,0.0044296,0.0044296,0.0044296
56,279.416,1.10745,0.89322,1.10955,0.73181,0.79011,0.83689,0.63923,0.96348,1.21502,1.00104,0.00427565,0.00427565,0.00427565
57,284.677,1.0783,0.8428,1.08085,0.60048,0.87865,0.79921,0.5933,1.03337,1.17367,1.01116,0.00412246,0.00412246,0.00412246
58,289.201,1.07373,0.82135,1.06839,0.62132,0.89046,0.82612,0.56196,1.22193,1.04957,1.0689,0.00397019,0.00397019,0.00397019
59,294.791,1.00972,0.76771,1.03807,0.80773,0.80476,0.83374,0.63091,0.99202,0.86007,0.99019,0.00381899,0.00381899,0.00381899
60,299.674,1.08409,0.87151,1.08511,0.71123,0.78513,0.79149,0.62704,0.91005,1.00866,0.97863,0.00366899,0.00366899,0.00366899
61,304.218,1.07201,0.84035,1.07333,0.77402,0.85934,0.86319,0.69526,0.84208,0.86093,0.95404,0.00352037,0.00352037,0.00352037
62,309.496,1.07675,0.81858,1.04801,0.53341,0.81408,0.8139,0.53882,1.14252,1.04753,1.0216,0.00337325,0.00337325,0.00337325
63,314.579,1.0895,0.87895,1.06394,0.46317,0.92857,0.86622,0.69864,0.83326,1.00987,0.95807,0.00322778,0.00322778,0.00322778
64,319.327,1.02841,0.79806,1.04859,0.8494,0.8978,0.89379,0.71434,0.85542,0.91702,0.96502,0.00308412,0.00308412,0.00308412
65,324.555,0.98749,0.7593,1.03501,0.79517,0.88624,0.88788,0.7109,0.83693,0.80484,0.95455,0.00294239,0.00294239,0.00294239
66,329.222,1.00445,0.76357,1.03281,0.85337,0.72576,0.88137,0.71362,0.83974,0.80649,0.94085,0.00280275,0.00280275,0.00280275
67,334.598,0.95456,0.72753,0.99727,0.76602,0.69134,0.82916,0.64568,0.92587,0.92308,0.96117,0.00266532,0.00266532,0.00266532
68,339.126,0.97347,0.77392,1.04224,0.71558,0.77546,0.77928,0.49285,1.36006,1.1278,1.11936,0.00253024,0.00253024,0.00253024
69,343.763,1.01202,0.74442,1.01959,0.79541,0.81922,0.87479,0.6578,1.00055,0.83642,0.98308,0.00239766,0.00239766,0.00239766
70,348.977,1.01408,0.75379,1.05346,0.79259,0.85514,0.85444,0.68255,0.88626,0.80137,0.95092,0.00226769,0.00226769,0.00226769
71,353.889,0.97733,0.73867,1.01357,0.88784,0.7348,0.87965,0.64986,0.96838,0.90776,0.979,0.00214046,0.00214046,0.00214046
72,359.285,1.06352,0.82,1.07694,0.80326,0.79853,0.88698,0.70557,0.84774,0.90344,0.94889,0.00201611,0.00201611,0.00201611
73,364.33,1.03022,0.76049,1.05224,0.74547,0.85764,0.90758,0.7282,0.82055,0.81709,0.92606,0.00189475,0.00189475,0.00189475
74,368.717,0.98804,0.71634,1.04712,0.7478,0.88834,0.904,0.71132,0.84907,0.78627,0.92449,0.00177651,0.00177651,0.00177651
75,374.086,0.98655,0.7266,1.00743,0.85549,0.83643,0.89799,0.71651,0.86188,0.75249,0.93468,0.00166149,0.00166149,0.00166149
76,378.748,0.98032,0.72432,1.03282,0.80433,0.87326,0.89496,0.68033,0.93464,0.79955,0.94949,0.00154982,0.00154982,0.00154982
77,383.948,0.98424,0.71654,1.03656,0.74188,0.84945,0.89301,0.67795,0.92418,0.84518,0.94859,0.00144161,0.00144161,0.00144161
78,388.906,0.98449,0.76792,1.03705,0.76735,0.76355,0.85399,0.62715,1.04354,0.98621,0.98315,0.00133695,0.00133695,0.00133695
79,393.545,0.96815,0.71752,1.03043,0.75908,0.72591,0.83866,0.64284,0.98141,1.02004,0.98009,0.00123596,0.00123596,0.00123596
80,398.665,0.91691,0.70245,0.98932,0.78238,0.80466,0.84635,0.70032,0.77212,0.84748,0.91597,0.00113873,0.00113873,0.00113873
81,403.531,0.96672,0.71474,1.04374,0.79713,0.87399,0.87669,0.717,0.78562,0.75762,0.91182,0.00104537,0.00104537,0.00104537
82,408.104,0.94034,0.68943,1.01662,0.74946,0.89707,0.89134,0.73482,0.77434,0.76097,0.90874,0.000955951,0.000955951,0.000955951
83,413.735,0.95435,0.7548,1.00979,0.74343,0.89707,0.90536,0.74121,0.77285,0.7584,0.91143,0.000870577,0.000870577,0.000870577
84,418.367,0.91086,0.72646,0.99043,0.7322,0.86777,0.8739,0.70683,0.79546,0.7942,0.92642,0.000789327,0.000789327,0.000789327
85,423.796,0.92147,0.67571,0.99679,0.69669,0.83044,0.86959,0.69903,0.83253,0.87658,0.94455,0.000712282,0.000712282,0.000712282
86,428.592,0.92994,0.68735,1.01419,0.6806,0.88903,0.88171,0.72121,0.79161,0.79803,0.92749,0.000639518,0.000639518,0.000639518
87,433.132,0.90405,0.68574,1.0004,0.78111,0.84175,0.89623,0.74404,0.75428,0.7344,0.91052,0.000571106,0.000571106,0.000571106
88,438.156,0.9104,0.68799,1.00241,0.85485,0.77729,0.90685,0.7445,0.78081,0.73132,0.91503,0.000507115,0.000507115,0.000507115
89,443.122,0.96155,0.70936,1.01685,0.86037,0.82743,0.90315,0.74783,0.75086,0.72092,0.90737,0.000447606,0.000447606,0.000447606
90,448.069,0.9269,0.70379,0.99794,0.85488,0.80259,0.90417,0.77204,0.71351,0.70741,0.89839,0.00039264,0.00039264,0.00039264
91,455.686,0.85105,0.79903,0.97483,0.84541,0.79861,0.9007,0.77039,0.70803,0.70223,0.89803,0.00034227,0.00034227,0.00034227
92,460.946,0.86175,0.66777,0.9864,0.87571,0.76484,0.89379,0.7556,0.70995,0.7197,0.89869,0.000296546,0.000296546,0.000296546
93,466.169,0.87401,0.66631,0.98569,0.87488,0.7597,0.89497,0.75563,0.71864,0.74455,0.90136,0.000255513,0.000255513,0.000255513
94,470.526,0.87637,0.67857,0.99833,0.82831,0.80134,0.90101,0.74918,0.76088,0.7471,0.90998,0.000219212,0.000219212,0.000219212
95,475.904,0.84954,0.62834,1.00106,0.81835,0.85818,0.88934,0.71894,0.83608,0.7596,0.92475,0.000187678,0.000187678,0.000187678
96,480.627,0.8433,0.59534,0.98182,0.85591,0.87709,0.88778,0.69427,0.90593,0.83797,0.94011,0.000160943,0.000160943,0.000160943
97,484.951,0.84328,0.64633,0.9833,0.85664,0.87863,0.8786,0.70312,0.87126,0.86171,0.93167,0.000139032,0.000139032,0.000139032
98,489.889,0.85898,0.64347,0.96667,0.8215,0.88242,0.8971,0.74124,0.78403,0.80488,0.9093,0.000121968,0.000121968,0.000121968
99,494.577,0.83268,0.62741,0.97828,0.8105,0.89011,0.90433,0.75883,0.73915,0.74298,0.9022,0.000109768,0.000109768,0.000109768
100,499.077,0.80616,0.61045,0.95246,0.81552,0.89193,0.90409,0.76088,0.72921,0.71136,0.89995,0.000102443,0.000102443,0.000102443
